Iteration,RMSE,MSE,R2,Pearson
1,1.3258902653847262,1.75798499584198,0.3329031467437744,0.5787572124701484
2,1.2709275299349037,1.6152567863464355,0.36499840021133423,0.6048303165997891
3,1.2918558084790743,1.668891429901123,0.35494011640548706,0.5966821281018145
4,1.2910633626586792,1.6668446063995361,0.36122751235961914,0.602338327944701
5,1.3278920137582506,1.763297200202942,0.3245989680290222,0.5719554010302517
6,1.274732855316996,1.6249438524246216,0.35285812616348267,0.5952032096930912
7,1.295613698141781,1.678614854812622,0.3346906304359436,0.5815063021162267
8,1.2820821711291448,1.6437346935272217,0.3563344478607178,0.5980527423227041
9,1.2913174875058857,1.6675008535385132,0.35127371549606323,0.59378931446538
10,1.2934798875505102,1.6730902194976807,0.350983202457428,0.5933940153256697
11,1.2769046226945375,1.6304854154586792,0.33372628688812256,0.5806704536150532
12,1.2841287697100165,1.6489866971969604,0.36121076345443726,0.6025983118276574
13,1.3010687066539584,1.692779779434204,0.34515899419784546,0.5895205918275604
14,1.2949110119854497,1.6767945289611816,0.3539842963218689,0.5958402007559961
15,1.2772670337842595,1.631411075592041,0.35542160272598267,0.5977328815978519
16,1.271252167061278,1.6160820722579956,0.36271554231643677,0.6049700223086908
17,1.2828130259727673,1.6456092596054077,0.33640533685684204,0.5827978162007611
18,1.2994627355888595,1.688603401184082,0.3266127109527588,0.5757666192198411
19,1.2650392377746376,1.600324273109436,0.3491118550300598,0.5931154548919457
20,1.2868638216842108,1.6560184955596924,0.34699368476867676,0.5904284243944106
21,1.2742744924770857,1.6237754821777344,0.35624444484710693,0.5974795919159879
22,1.2852875894608453,1.6519641876220703,0.3611806035041809,0.6024307146933798
23,1.2867730820006542,1.6557849645614624,0.33880454301834106,0.5836969730773426
24,1.2766167674675548,1.629750370979309,0.34236598014831543,0.5870215421019251
25,1.2879173046955037,1.6587309837341309,0.35113656520843506,0.5941281557006162
26,1.2651800150439516,1.6006804704666138,0.3687703609466553,0.6079477996913056
27,1.3278519293608655,1.763190746307373,0.3481881618499756,0.5910323344985262
28,1.2827340347138105,1.6454066038131714,0.3422929644584656,0.5893103830542645
29,1.308349404367928,1.711778163909912,0.3287349343299866,0.5750800911545685
30,1.321382213390604,1.7460509538650513,0.3459237813949585,0.589932586213057
31,1.2911855150131166,1.6671600341796875,0.3287283182144165,0.5769853394814648
32,1.286940382657767,1.6562155485153198,0.3554641604423523,0.5977429389658525
33,1.31948000151703,1.7410274744033813,0.3502010107040405,0.5926300283695723
34,1.291529150790021,1.668047547340393,0.36181747913360596,0.6024136430251994
35,1.2897667088366278,1.6634981632232666,0.36016160249710083,0.600973224544699
36,1.293512742774933,1.6731752157211304,0.34816408157348633,0.5914914408978827
37,1.2795621873472025,1.6372793912887573,0.3404728174209595,0.585034860550629
38,1.2905447558564527,1.6655057668685913,0.34607118368148804,0.5906850704419198
39,1.2928610581095603,1.6714897155761719,0.37041765451431274,0.6091975623172526
40,1.2611434144426208,1.5904827117919922,0.3571551442146301,0.5994503180972836
41,1.291545026445458,1.6680885553359985,0.33826154470443726,0.5834426404831146
42,1.2787146721338611,1.6351112127304077,0.36134642362594604,0.602819130542123
43,1.308112668099123,1.7111587524414062,0.3554236888885498,0.5980674417588189
44,1.2756732434762021,1.6273422241210938,0.355263352394104,0.5977590021590039
45,1.2860642214293285,1.653961181640625,0.3323032855987549,0.5800355093817045
46,1.3117137552135585,1.720592975616455,0.33531737327575684,0.5800533798351135
47,1.271189993958437,1.6159240007400513,0.33770012855529785,0.5846020094946086
48,1.2832752132053158,1.6467952728271484,0.34998321533203125,0.5931439355055119
49,1.2578354827487108,1.5821501016616821,0.3862890601158142,0.6231423950710611
50,1.3013680082636614,1.693558692932129,0.35174715518951416,0.5943746907923271
51,1.2503691128301684,1.5634229183197021,0.38000261783599854,0.6169166319032796
52,1.273247125355344,1.621158242225647,0.3645888566970825,0.6048940606307744
53,1.312847136957923,1.7235676050186157,0.34295183420181274,0.5872593874157469
54,1.2893299172194104,1.6623716354370117,0.3437327742576599,0.5880310866535156
55,1.3099751483219793,1.7160348892211914,0.3411201238632202,0.5852526570432315
56,1.292455750082385,1.6704418659210205,0.33788567781448364,0.5835444602227006
57,1.2725446414424155,1.6193698644638062,0.36257368326187134,0.6040282479160298
58,1.2575660606308465,1.581472396850586,0.37593984603881836,0.6134136406173968
59,1.2825096730096113,1.6448310613632202,0.33887022733688354,0.5841384294852516
60,1.253064737749763,1.5701712369918823,0.3680155277252197,0.6088460475524806
61,1.3046906979458843,1.7022178173065186,0.35590827465057373,0.5979013307470372
62,1.2951349281657283,1.6773744821548462,0.34776073694229126,0.5921192638929378
63,1.2740987921217812,1.6233277320861816,0.34007638692855835,0.5855026358131329
64,1.2861122355628998,1.6540846824645996,0.3597162365913391,0.6001092457742865
65,1.2852927370265539,1.6519774198532104,0.3503711223602295,0.5936607791144396
66,1.2977341712922565,1.6841139793395996,0.3491426706314087,0.5919438605362032
67,1.266012297346102,1.6027871370315552,0.36481595039367676,0.6050319029907498
68,1.2760363779801782,1.628268837928772,0.34788793325424194,0.5919495011713072
69,1.2741632558221032,1.6234920024871826,0.34620440006256104,0.5905368929823441
70,1.3058996451670302,1.7053738832473755,0.32096850872039795,0.5713269683420376
71,1.3083058965847365,1.7116643190383911,0.327140212059021,0.5749442174339409
72,1.27183024072269,1.6175521612167358,0.36868613958358765,0.6075955722581688
73,1.2900186402800145,1.6641480922698975,0.34976452589035034,0.5936745157149185
74,1.2889391290987051,1.6613640785217285,0.35928332805633545,0.5999770776093866
75,1.3218687467675168,1.747336983680725,0.327556312084198,0.5747332523473974
76,1.3051049940762407,1.7032990455627441,0.32512199878692627,0.5735933338237271
77,1.253577263476556,1.571455955505371,0.3611406087875366,0.6037904470413714
78,1.27384829769872,1.6226894855499268,0.35542047023773193,0.5974688384268354
79,1.2807418932236525,1.6402997970581055,0.3324629068374634,0.5808157687346419
80,1.267156874807539,1.6056865453720093,0.3524754047393799,0.596223118878951
81,1.2609855481982704,1.5900845527648926,0.35396283864974976,0.5963099217014167
82,1.2806248419013608,1.6399999856948853,0.35635143518447876,0.5978246062024132
83,1.32855011363298,1.765045404434204,0.3390457034111023,0.5838394049078784
84,1.2764468062419774,1.6293164491653442,0.3603450059890747,0.6015937581822305
85,1.2819868620557866,1.6434903144836426,0.35784047842025757,0.599437084300622
86,1.3113563186846426,1.7196553945541382,0.33746206760406494,0.5821165520623115
87,1.3112503187762838,1.7193773984909058,0.3515264391899109,0.593820564468387
88,1.2780782005490705,1.63348388671875,0.34160691499710083,0.5879191378450954
89,1.2993517286336942,1.6883149147033691,0.3383502960205078,0.5846183774364586
90,1.310418158178082,1.717195749282837,0.3534952402114868,0.5953167656611219
91,1.2975837884798076,1.6837236881256104,0.3595373034477234,0.6003272378347823
92,1.2823164153738609,1.644335389137268,0.3718828558921814,0.6115023886741087
93,1.2850941930009037,1.6514670848846436,0.34220170974731445,0.5871864056771522
94,1.3073091949057825,1.709057331085205,0.33009451627731323,0.5776688041421646
95,1.294269149850816,1.6751326322555542,0.3313019871711731,0.5785987740360439
96,1.3092476648583382,1.7141294479370117,0.35501235723495483,0.5965143038785906
97,1.2849612566380322,1.651125431060791,0.36059296131134033,0.6030566479278897
98,1.265695499293356,1.6019850969314575,0.37367862462997437,0.6123940762938724
99,1.2830407259060392,1.646193504333496,0.35521847009658813,0.5980048890622598
100,1.2868441364872567,1.6559678316116333,0.34477895498275757,0.5900284672903333
101,1.2786374321666099,1.634913682937622,0.3573341965675354,0.5989242489737232
102,1.2825633505182703,1.6449687480926514,0.34919804334640503,0.5922040916092781
103,1.3161681098496936,1.732298493385315,0.3192507028579712,0.568262744455775
104,1.256971042250948,1.579976201057434,0.37185221910476685,0.6107756856072905
105,1.3138534742524048,1.7262109518051147,0.3460858464241028,0.5905166962948193
106,1.3077511024419404,1.7102129459381104,0.34032613039016724,0.58521124941314
107,1.2705403704213745,1.6142728328704834,0.33586931228637695,0.5824047284863262
108,1.2945056090868812,1.6757447719573975,0.34916043281555176,0.5917209603745068
109,1.2819410646880125,1.643372893333435,0.36986827850341797,0.6098684804316453
110,1.3171010886160814,1.734755277633667,0.33672600984573364,0.5827112238003405
111,1.2971053321084716,1.6824822425842285,0.3522412180900574,0.5948061314295
112,1.2667752443173073,1.6047195196151733,0.3678947687149048,0.6070144674292075
113,1.2759528096719588,1.6280555725097656,0.354112446308136,0.5970678715392144
114,1.3007375807205006,1.6919182538986206,0.33780086040496826,0.582380118433008
115,1.2876777840984543,1.6581140756607056,0.3554731607437134,0.5974529031901996
116,1.2892986659255006,1.6622910499572754,0.33737045526504517,0.5834215196499233
117,1.3137224952729483,1.7258667945861816,0.3590589761734009,0.5998626904028767
118,1.260610985817505,1.5891400575637817,0.3492860794067383,0.5941297004425008
119,1.2922238050755255,1.6698423624038696,0.344493567943573,0.5887224913194307
120,1.281027379117831,1.6410311460494995,0.3489110469818115,0.5921108445527248
121,1.3100913516799904,1.716339349746704,0.31643468141555786,0.5666918980101067
122,1.2656718115920942,1.6019251346588135,0.36332017183303833,0.6043636654306835
123,1.2922548472556554,1.6699225902557373,0.328032910823822,0.5774301123972675
124,1.2820751975347582,1.643716812133789,0.35354357957839966,0.5955375125825583
125,1.2782856679349734,1.6340142488479614,0.3526880741119385,0.5960865316571269
126,1.284598325076222,1.6501928567886353,0.3360068202018738,0.5823282865029109
127,1.2925696549378725,1.670736312866211,0.329719603061676,0.5770886283284812
128,1.2564342838077875,1.578627109527588,0.3549240827560425,0.5971841653720699
129,1.276137596209448,1.6285271644592285,0.3605157136917114,0.6018257363581215
130,1.312889041462709,1.723677635192871,0.33846521377563477,0.5828186627654824
131,1.2897735484177524,1.6635158061981201,0.34276896715164185,0.5883271080678908
132,1.2790665513828887,1.6360112428665161,0.3406212329864502,0.5859909852654647
133,1.3120745468854953,1.7215396165847778,0.33473700284957886,0.580725588556711
134,1.281720191464607,1.6428066492080688,0.35845690965652466,0.5999052260215196
135,1.3001620906867808,1.690421462059021,0.33778566122055054,0.5837894913074377
136,1.2864807168143282,1.6550326347351074,0.36735421419143677,0.6070483521862031
137,1.31327070587119,1.724679946899414,0.34472084045410156,0.5893385509809563
138,1.2644980322753512,1.5989552736282349,0.3749276399612427,0.6130572413863207
139,1.2687982409095837,1.609848976135254,0.36121636629104614,0.6020458882057892
140,1.3010616057644326,1.6927613019943237,0.33723121881484985,0.58386720448145
141,1.285066642072173,1.6513962745666504,0.3556763529777527,0.597947671975438
142,1.295973130971924,1.6795463562011719,0.3593336343765259,0.6005760222729036
143,1.3006143090515838,1.691597580909729,0.35719531774520874,0.5991091781922774
144,1.289990640059233,1.6640758514404297,0.3477475047111511,0.5913391920485908
145,1.3058887365419662,1.7053453922271729,0.3287372589111328,0.5760163349425683
146,1.2630000266756976,1.5951690673828125,0.3404706120491028,0.5868167676225385
147,1.2597054400594339,1.586857795715332,0.36186301708221436,0.6023246579204936
148,1.2806015699858055,1.6399403810501099,0.3563072085380554,0.5995691971750025
149,1.290568125582336,1.665566086769104,0.3598988652229309,0.6011784071650685
150,1.2559541040648476,1.577420711517334,0.3779773712158203,0.6150241385267289
151,1.279250608583104,1.6364821195602417,0.32503825426101685,0.5730323097762705
152,1.2801029374037587,1.6386635303497314,0.34618812799453735,0.5896601697774051
153,1.3083725016293006,1.7118386030197144,0.34145230054855347,0.5861790010591159
154,1.2732085507767599,1.6210600137710571,0.3672328591346741,0.606744255558187
155,1.3002654189809357,1.6906901597976685,0.3482077121734619,0.5930975454353643
156,1.2830002622923729,1.6460896730422974,0.3684178590774536,0.6076143660295862
157,1.3008637273261001,1.692246437072754,0.3488444685935974,0.5913210125389388
158,1.2670134004969638,1.6053229570388794,0.3295367360115051,0.5791619715881342
159,1.314724807663282,1.728501319885254,0.34696441888809204,0.590813475836859
160,1.2884964596037654,1.660223126411438,0.34685641527175903,0.5905016734589376
161,1.2623882584174468,1.5936241149902344,0.38478028774261475,0.6221416767366831
162,1.2706507515162442,1.6145533323287964,0.326032817363739,0.576238348512826
163,1.2760486628541734,1.6283001899719238,0.36449146270751953,0.6048277678632655
164,1.2849463201509843,1.6510870456695557,0.3610483407974243,0.6027598432615098
165,1.2751419736317522,1.6259870529174805,0.35985857248306274,0.6003520796993596
166,1.3139174391503377,1.7263790369033813,0.34030866622924805,0.5860902238211669
167,1.2947836869787495,1.6764647960662842,0.3363737463951111,0.5823868818387945
168,1.309080619768565,1.71369206905365,0.3386117219924927,0.5839597140022184
169,1.2982169412700817,1.685367226600647,0.32998406887054443,0.5775997117964163
170,1.289815232107799,1.663623332977295,0.34950804710388184,0.5921687877173389
171,1.298375559957921,1.685779094696045,0.3359704613685608,0.582671680706359
172,1.2917766319144552,1.668686866760254,0.35421842336654663,0.5968215702649374
173,1.287322795117227,1.6571999788284302,0.3302009105682373,0.5783072758509483
174,1.3084656610002594,1.7120823860168457,0.3474924564361572,0.5905808646638953
175,1.2583464916543363,1.5834358930587769,0.35548579692840576,0.5981866308298873
176,1.2973694835280565,1.683167576789856,0.333656907081604,0.5807578073489958
177,1.2723360036909066,1.618838906288147,0.3723440170288086,0.6112220736185379
178,1.2883165917947594,1.6597596406936646,0.355228066444397,0.5974987629213989
179,1.2646315643481039,1.5992929935455322,0.3542056083679199,0.5968016651587882
180,1.3012316499674976,1.6932038068771362,0.36961042881011963,0.6085549672061363
181,1.2615598218283244,1.5915331840515137,0.3649219870567322,0.6057160765110616
182,1.3052985764725058,1.70380437374115,0.33544081449508667,0.5835214250741874
183,1.2905286369649214,1.665464162826538,0.36502766609191895,0.6050715377706924
184,1.2874365522435878,1.6574928760528564,0.3574046492576599,0.6006797487304688
185,1.3093698506037803,1.714449405670166,0.3347042202949524,0.5802005766200843
186,1.2944944663108167,1.6757159233093262,0.36197978258132935,0.6024199978312776
187,1.3041123361615266,1.7007089853286743,0.3445793390274048,0.5881142979613369
188,1.2974845189253286,1.6834660768508911,0.34320133924484253,0.5876601797847579
189,1.288613535984816,1.660524845123291,0.34730327129364014,0.5916054434545054
190,1.2895016009057156,1.6628143787384033,0.35827940702438354,0.5995094033959826
191,1.2785356659313547,1.6346534490585327,0.35282689332962036,0.595474922569509
192,1.2920236504400795,1.6693251132965088,0.320002019405365,0.5697230357448522
193,1.2978481639992656,1.6844098567962646,0.35141903162002563,0.5938242225601591
194,1.3319554461167473,1.7741053104400635,0.3304608464241028,0.5776310469402022
195,1.2477314868425666,1.5568338632583618,0.36733198165893555,0.60737217750168
196,1.2848261725267038,1.6507782936096191,0.3625442385673523,0.6030620621646242
197,1.2880562293709705,1.6590888500213623,0.34219688177108765,0.5870095732176952
198,1.260100043805838,1.587852120399475,0.3657200336456299,0.6057115382824921
199,1.3015275710091292,1.6939740180969238,0.34436583518981934,0.5885550375028606
200,1.2988362018075938,1.6869754791259766,0.36778539419174194,0.6073963371236893
201,1.27430325899717,1.623848795890808,0.35335469245910645,0.5967457310331301
202,1.2798238120413934,1.637948989868164,0.3685333728790283,0.6083501953412886
203,1.2986419314820032,1.686470866203308,0.3411794900894165,0.5868737574656129
204,1.2660190769373305,1.6028043031692505,0.35222774744033813,0.5944486764901161
205,1.2900140660280537,1.664136290550232,0.3494335412979126,0.592813358845154
206,1.2822009488617703,1.644039273262024,0.3494075536727905,0.5936163602016556
207,1.275206057409333,1.6261504888534546,0.35588836669921875,0.5982952801726737
208,1.2781259084385859,1.6336058378219604,0.3582574725151062,0.5993202408627127
209,1.2840588182780441,1.6488070487976074,0.3430841565132141,0.5880706315319586
210,1.3025561987235446,1.6966526508331299,0.3473014831542969,0.5917743850099797
211,1.2753947376225805,1.626631736755371,0.3516201972961426,0.5942015512582658
212,1.290259389377867,1.6647692918777466,0.3549801707267761,0.5968572897517151
213,1.27114966890254,1.6158214807510376,0.332283616065979,0.5818702429819936
214,1.2793609836036064,1.6367645263671875,0.35444509983062744,0.5963194929105001
215,1.3056405064605632,1.7046971321105957,0.34535861015319824,0.589550045344176
216,1.2791258719501042,1.6361629962921143,0.3746015429496765,0.6125614212883772
217,1.296549239091965,1.6810399293899536,0.34179115295410156,0.5869392773156042
218,1.2543161263023561,1.5733089447021484,0.36274051666259766,0.6035002190685856
219,1.2877741068185293,1.6583621501922607,0.34851229190826416,0.5920973286857053
220,1.3146115529235076,1.728203535079956,0.34709078073501587,0.5902783885085905
221,1.280959212637275,1.6408565044403076,0.3656463027000427,0.6053816152433082
222,1.2752579858107713,1.6262829303741455,0.36520642042160034,0.6050226744988909
223,1.2947347974781482,1.6763381958007812,0.3427755832672119,0.5891867813349141
224,1.298682412600052,1.686576008796692,0.3671407103538513,0.6085232703270909
225,1.3099655021609564,1.7160096168518066,0.336952269077301,0.5822612616305499
226,1.2717483176236566,1.617343783378601,0.3597492575645447,0.6014569369074261
227,1.2803404300949532,1.63927161693573,0.3588164448738098,0.5995803182820215
228,1.2733767910393619,1.6214884519577026,0.3522268533706665,0.5948101410709781
229,1.2753752025472107,1.6265819072723389,0.3392542600631714,0.5847613196765029
230,1.2761203611851761,1.6284831762313843,0.3572823405265808,0.6006238612718949
231,1.2668530193241838,1.6049165725708008,0.3466443419456482,0.5907457224605129
232,1.2877148143484047,1.6582094430923462,0.3217903971672058,0.5709420840429121
233,1.281946830131944,1.6433876752853394,0.36085349321365356,0.601252519629873
234,1.2801657950791472,1.638824462890625,0.3600751757621765,0.6009890346917924
235,1.2818337018052937,1.6430976390838623,0.36314553022384644,0.6036239923492
236,1.2571628859630548,1.5804585218429565,0.3436213731765747,0.5912241626009898
237,1.3071134022707724,1.708545446395874,0.3356148600578308,0.5807388260564692
238,1.2973511063216603,1.6831198930740356,0.3293820023536682,0.5770739437917745
239,1.2990806391488612,1.6876105070114136,0.3392626643180847,0.5853481573344806
240,1.2965966810757963,1.68116295337677,0.3174012303352356,0.566782844066179
241,1.2729259469817278,1.6203404664993286,0.37826007604599,0.6152948353308868
242,1.2788612614142494,1.635486125946045,0.358143150806427,0.5995398379140324
243,1.2887456793578544,1.6608654260635376,0.3464847207069397,0.5900691964480483
244,1.3077255785278354,1.710146188735962,0.32471567392349243,0.5727578336170968
245,1.276267855572562,1.6288596391677856,0.37197840213775635,0.6104239953513159
246,1.2715292364547661,1.6167865991592407,0.3693707585334778,0.608422017531278
247,1.3101524976245553,1.7164995670318604,0.3383178114891052,0.5836971266289706
248,1.2935948541468112,1.6733876466751099,0.355579674243927,0.598156279214203
249,1.2590922603844057,1.585313320159912,0.36410874128341675,0.6048309136792055
250,1.2898880135920086,1.6638110876083374,0.3531119227409363,0.5957962455400381
251,1.3304223778842321,1.7700237035751343,0.31015545129776,0.5607764893826193
252,1.2794553236352286,1.6370059251785278,0.35769057273864746,0.5999180609170447
253,1.3014163737796964,1.6936845779418945,0.32294076681137085,0.5723008877808692
254,1.2673155243686018,1.606088638305664,0.35986781120300293,0.6006612598562715
255,1.3107438827683309,1.7180495262145996,0.3506510257720947,0.5933793689458239
256,1.274966860321798,1.6255404949188232,0.3524166941642761,0.5948445536393393
257,1.2743682736176711,1.6240144968032837,0.3545032739639282,0.5970988991422895
258,1.275101867047118,1.625884771347046,0.36483365297317505,0.6044150093435612
259,1.267922987849566,1.6076287031173706,0.3300955891609192,0.5774423971430019
260,1.290418154787793,1.6651790142059326,0.3316636085510254,0.5783293709087919
261,1.260422646164175,1.588665246963501,0.3451690673828125,0.5898596886626497
262,1.3041469344981278,1.7007992267608643,0.34243571758270264,0.5866349883211847
263,1.2680310114759648,1.6079026460647583,0.35782915353775024,0.6010154381785571
264,1.2961508786037548,1.6800071001052856,0.33938413858413696,0.5839305328605076
265,1.3133923358217872,1.7249994277954102,0.33672213554382324,0.5833606846901439
266,1.304917001240674,1.7028083801269531,0.32863086462020874,0.5762429991126844
267,1.2918205118338293,1.6688002347946167,0.3301362991333008,0.5763412897453014
268,1.2844337357133682,1.6497700214385986,0.35956037044525146,0.6002673676454958
269,1.2815036057485873,1.6422514915466309,0.3542909026145935,0.5962936409251959
270,1.2699720351076413,1.6128289699554443,0.3558509945869446,0.5978701443356745
271,1.276456659007833,1.6293416023254395,0.3844383955001831,0.6204059793215888
272,1.3068250403393886,1.7077916860580444,0.340385377407074,0.5856499158811187
273,1.3000386727522957,1.6901005506515503,0.3518546223640442,0.5944567869220894
274,1.3098008239548953,1.7155781984329224,0.33540111780166626,0.5804240028605275
275,1.310315857948242,1.7169276475906372,0.3328177332878113,0.5796993854841643
276,1.2790089523473365,1.6358639001846313,0.3373960256576538,0.5835057179036146
277,1.295943741628142,1.679470181465149,0.3402923345565796,0.5860313160122761
278,1.2827429563231931,1.6454294919967651,0.35059869289398193,0.5950676673119643
279,1.305091703927155,1.7032643556594849,0.35757577419281006,0.5991673613150773
280,1.2928102517148783,1.671358346939087,0.35392045974731445,0.5959322678490193
281,1.287609460492322,1.6579381227493286,0.358093798160553,0.599377247043249
282,1.2622775325601885,1.5933445692062378,0.35090744495391846,0.5936817476564592
283,1.2728920452943737,1.6202541589736938,0.34921693801879883,0.5930551258947577
284,1.3106388793123096,1.7177742719650269,0.355060875415802,0.5967938184936702
285,1.2899328819083926,1.6639268398284912,0.38042932748794556,0.6176606848667766
286,1.3325611749601936,1.7757192850112915,0.3360421061515808,0.5821241444200955
287,1.2865344139593378,1.6551707983016968,0.3494641184806824,0.5937309101477276
288,1.2983607777905222,1.6857407093048096,0.3376268148422241,0.5843648067906214
289,1.281423184855416,1.6420453786849976,0.35420721769332886,0.5971880248410202
290,1.2804207793415001,1.6394773721694946,0.35304468870162964,0.5954692434460651
291,1.2797047205175038,1.6376441717147827,0.3478894829750061,0.5920182093211527
292,1.274849419023075,1.6252410411834717,0.3602374792098999,0.6020489243138664
293,1.3004584384423699,1.6911921501159668,0.332760751247406,0.5793792490216586
294,1.2854160405697939,1.652294397354126,0.33791977167129517,0.5833856721638595
295,1.2955398580911717,1.678423523902893,0.33211469650268555,0.5788371938523093
296,1.3087157235306985,1.7127368450164795,0.33067405223846436,0.5768347272433642
297,1.3174727107339823,1.7357343435287476,0.34029459953308105,0.585503899560138
298,1.2724646380144533,1.6191662549972534,0.37143945693969727,0.6101196128093905
299,1.2531347069875653,1.5703465938568115,0.3536868691444397,0.5958636718605503
300,1.2983626140937636,1.6857454776763916,0.3454241156578064,0.5894598356006234
301,1.2834556017672616,1.6472582817077637,0.35909759998321533,0.601246780197706
302,1.2746295615213088,1.624680519104004,0.3426840305328369,0.5873844660020135
303,1.2866985956407448,1.6555932760238647,0.355746328830719,0.5988642916510372
304,1.2633769945653728,1.5961214303970337,0.3686734437942505,0.607946721755569
305,1.3023681125753488,1.6961627006530762,0.33827197551727295,0.5837034193546449
306,1.2687071017825688,1.6096177101135254,0.35245782136917114,0.5962294103117971
307,1.2902655334128927,1.6647851467132568,0.35386472940444946,0.5961691716133628
308,1.2941345767390218,1.6747843027114868,0.33945000171661377,0.5855657796241714
309,1.30371724673684,1.699678659439087,0.3370351791381836,0.5824306665405796
310,1.291842105190153,1.6688560247421265,0.34791767597198486,0.5912547636862144
311,1.2954861201312415,1.6782842874526978,0.34334051609039307,0.5877871552810816
312,1.3097684228209054,1.7154933214187622,0.33082759380340576,0.5783195135431085
313,1.3111947699480329,1.7192317247390747,0.34304893016815186,0.5865294590590695
314,1.2948513098084407,1.6766399145126343,0.34972429275512695,0.5934878453706705
315,1.3009632888206137,1.6925054788589478,0.3383457660675049,0.5844325022465271
316,1.2856969188849388,1.6530165672302246,0.359502375125885,0.6014827286164804
317,1.2879335951065385,1.6587729454040527,0.33827507495880127,0.583419523576884
318,1.2700954650682612,1.613142490386963,0.3691439628601074,0.6098829486063649
319,1.2972126256999388,1.6827605962753296,0.33717650175094604,0.5824046504065145
320,1.296291817677547,1.6803724765777588,0.354157030582428,0.5966532091320328
321,1.2815138382359872,1.642277717590332,0.3591020107269287,0.6003817226595053
322,1.27829839747377,1.6340467929840088,0.35184115171432495,0.5944321402528436
323,1.306345907824529,1.7065396308898926,0.3434132933616638,0.5870861385417419
324,1.2963740748706623,1.6805857419967651,0.33486926555633545,0.5818615478231183
325,1.301047128992192,1.6927236318588257,0.3397754430770874,0.5838733679665833
326,1.289134306786117,1.6618672609329224,0.3507383465766907,0.5940650278741032
327,1.2894940665331527,1.6627949476242065,0.33929967880249023,0.5840631563292055
328,1.2979466250632425,1.6846654415130615,0.3433173894882202,0.5870447850914875
329,1.3064580085537838,1.7068325281143188,0.33975034952163696,0.5857841244136489
330,1.267129122027891,1.6056162118911743,0.363342821598053,0.6034105092070297
331,1.3104708289924414,1.7173337936401367,0.338952898979187,0.5850013891114135
332,1.2855651112332007,1.6526776552200317,0.3637622594833374,0.6038184344668518
333,1.3194528975411175,1.7409559488296509,0.3409818410873413,0.585650239692372
334,1.2805195098367819,1.6397302150726318,0.3357771039009094,0.5818605416205914
335,1.2621099379363203,1.592921495437622,0.35556262731552124,0.5981657630307136
336,1.3433450044183328,1.804575800895691,0.33106762170791626,0.5770179834410578
337,1.311705030650131,1.7205700874328613,0.35231971740722656,0.5952504640155366
338,1.3069952923924162,1.7082366943359375,0.3324647545814514,0.5796836374907237
339,1.2795440667968891,1.637233018875122,0.3494187593460083,0.5927321281459949
340,1.308719640341422,1.7127470970153809,0.33430778980255127,0.5817028103267273
341,1.2735308279463102,1.6218807697296143,0.3395734429359436,0.5856115152720024
342,1.2948312396843034,1.6765879392623901,0.35425353050231934,0.596301146222749
343,1.313498798167968,1.7252790927886963,0.34096693992614746,0.5848013387887302
344,1.2838907243064512,1.648375391960144,0.35659873485565186,0.5988522233707594
345,1.2780137477666627,1.6333191394805908,0.37954723834991455,0.617617126540592
346,1.2987964597585049,1.6868722438812256,0.3381497263908386,0.5843665684972573
347,1.2919713348066815,1.6691899299621582,0.33805161714553833,0.5826228079401589
348,1.2671207960754665,1.6055951118469238,0.36897367238998413,0.6081665486350735
349,1.2760665527823467,1.6283458471298218,0.3628900647163391,0.6040133588811755
350,1.2925536074118733,1.6706948280334473,0.3356103301048279,0.5821744012459603
351,1.2705021828036303,1.614175796508789,0.3477925658226013,0.5909903024838553
352,1.3009874335113851,1.692568302154541,0.3413088321685791,0.5866315710353517
353,1.3010523516437893,1.6927372217178345,0.3613024950027466,0.6019462950594264
354,1.2940571517115278,1.674583911895752,0.3273860216140747,0.575110936483996
355,1.3025373455704965,1.696603536605835,0.34168583154678345,0.5863871406882765
356,1.2964386723052441,1.680753231048584,0.3337627649307251,0.580058330385421
357,1.3102682303499835,1.7168028354644775,0.3569456934928894,0.5985663369246367
358,1.2913388123301668,1.6675559282302856,0.3239099979400635,0.5726481979685231
359,1.2858727495617484,1.6534687280654907,0.32878029346466064,0.5762729734696551
360,1.3177588783591807,1.7364884614944458,0.32433998584747314,0.5735517177267244
361,1.2735017631557497,1.6218067407608032,0.37251806259155273,0.611958945141076
362,1.3448817787542047,1.8087069988250732,0.31334829330444336,0.5626401501400741
363,1.2925148711833936,1.6705946922302246,0.3340415954589844,0.5803381568889571
364,1.2866924808972982,1.655577540397644,0.33893996477127075,0.5843471300074563
365,1.2865610532124732,1.6552393436431885,0.34679609537124634,0.5908073051674132
366,1.3204467524604595,1.743579626083374,0.3381745219230652,0.5834226199952014
367,1.3245148004300396,1.7543394565582275,0.33583253622055054,0.5821893819377397
368,1.2948989060610214,1.6767631769180298,0.3520956039428711,0.5944193893563999
369,1.2772169604356,1.631283164024353,0.3695448040962219,0.6084269956952775
370,1.2729829316234809,1.620485544204712,0.3617476224899292,0.6028677041522926
371,1.3076923511146952,1.7100592851638794,0.32393819093704224,0.5711287107801793
372,1.3119576559793245,1.7212328910827637,0.31994903087615967,0.5693755532674245
373,1.290263362215888,1.664779543876648,0.3546939492225647,0.5980757066199147
374,1.2870221723500597,1.6564260721206665,0.3109028935432434,0.5642297074693562
375,1.3099264162814959,1.7159072160720825,0.3541603088378906,0.5959662856667114
376,1.2826906803847997,1.6452953815460205,0.34156978130340576,0.5866729069665424
377,1.3097068038460786,1.7153319120407104,0.33590930700302124,0.5817980702486087
378,1.2735376611179934,1.6218981742858887,0.3480682373046875,0.5920676803154464
379,1.2999439007318927,1.6898541450500488,0.3325105905532837,0.5787582850668235
380,1.3064116546770912,1.7067114114761353,0.33535629510879517,0.5809522946943685
381,1.303459686185594,1.6990071535110474,0.3510293960571289,0.5934450152699263
382,1.3001610821181546,1.6904188394546509,0.34074604511260986,0.5848388207629199
383,1.288304285106063,1.659727931022644,0.35433244705200195,0.5961212093983961
384,1.3192602173982648,1.7404475212097168,0.33626604080200195,0.5814096303470325
385,1.2975689972923887,1.683685302734375,0.34802746772766113,0.5908375737605817
386,1.2939013664412335,1.6741807460784912,0.35756635665893555,0.5988580425690901
387,1.3045500266007402,1.7018507719039917,0.35356807708740234,0.5954977564315532
388,1.2860683926124166,1.6539719104766846,0.3460994362831116,0.5896069199490696
389,1.288116292762109,1.6592435836791992,0.3634200096130371,0.60362073737785
390,1.3173018219231742,1.7352840900421143,0.3362177610397339,0.5822740554071095
391,1.2862620596510328,1.6544700860977173,0.34417420625686646,0.5880608418127419
392,1.2998065217633563,1.6894969940185547,0.3591093420982361,0.6000072684923132
393,1.2966345598630942,1.6812611818313599,0.3471454381942749,0.5904061781658853
394,1.2880448919759833,1.6590596437454224,0.36376672983169556,0.6040739206771527
395,1.290553207802212,1.665527582168579,0.34537047147750854,0.5899495133242891
396,1.2916233404132824,1.6682908535003662,0.3305357098579407,0.5773562056516048
397,1.3000430741876776,1.6901119947433472,0.34950000047683716,0.592745940037631
398,1.2900405872229115,1.664204716682434,0.34646791219711304,0.5908840372465688
399,1.2925012209976892,1.6705594062805176,0.3370380401611328,0.583724655264153
400,1.2788527321963452,1.6354643106460571,0.3600519895553589,0.6011121295092777
401,1.235089348869859,1.5254456996917725,0.3758966326713562,0.6144468901365823
402,1.2647402461245694,1.5995678901672363,0.3475070595741272,0.5915101886088449
403,1.2841015694069078,1.6489168405532837,0.34314680099487305,0.5876011032481213
404,1.3083805650742313,1.7118597030639648,0.35584771633148193,0.5970908728446924
405,1.2903706704107445,1.6650564670562744,0.3571202754974365,0.5982202010447841
406,1.2872837625781421,1.6570994853973389,0.36828428506851196,0.6080729366646555
407,1.2915323351667862,1.668055772781372,0.35893863439559937,0.5996631722765712
408,1.2761483387897448,1.6285545825958252,0.3632277250289917,0.6034481121398969
409,1.2840218218526644,1.6487120389938354,0.3477596044540405,0.5908435876056198
410,1.2963943050184106,1.6806381940841675,0.3467220067977905,0.5899558638099748
411,1.3026462965533874,1.6968873739242554,0.3365636467933655,0.5832323949344664
412,1.296830877449728,1.6817703247070312,0.348940372467041,0.5916344774077122
413,1.294859227294781,1.676660418510437,0.3687424659729004,0.6093638649598455
414,1.2792034551857716,1.6363614797592163,0.33508962392807007,0.5815262728802562
415,1.3204571797030225,1.7436071634292603,0.32435518503189087,0.5719466452883856
416,1.2997657087917247,1.6893908977508545,0.3261834383010864,0.5734593806081963
417,1.280752690261973,1.6403274536132812,0.38552093505859375,0.6212695395153011
418,1.2898626445123427,1.663745641708374,0.3502035140991211,0.5937264155557092
419,1.2964313621520984,1.6807342767715454,0.3411887288093567,0.5874421932802987
420,1.2901257378267732,1.6644244194030762,0.36166757345199585,0.6016851844215505
421,1.2901289718680629,1.6644327640533447,0.34448593854904175,0.5894952189745954
422,1.273540094841519,1.6219043731689453,0.3446526527404785,0.591146412511225
423,1.2918710341851756,1.6689307689666748,0.35006874799728394,0.5941935537926023
424,1.3071559009749891,1.7086565494537354,0.3346952795982361,0.5809427379650896
425,1.294106987983237,1.674712896347046,0.3381005525588989,0.5835418597208346
426,1.3041656272729667,1.7008479833602905,0.34266597032546997,0.5872195345765273
427,1.3041487169503165,1.7008038759231567,0.3492833971977234,0.5922465007836811
428,1.2890972710746045,1.6617717742919922,0.3239440321922302,0.5731409128745871
429,1.296296691642176,1.6803851127624512,0.34295403957366943,0.5883823228766631
430,1.2829800532359585,1.6460378170013428,0.36519676446914673,0.6051340390870295
431,1.3012124111671872,1.693153738975525,0.3453271985054016,0.5893169163360392
432,1.300913531934577,1.6923760175704956,0.33797192573547363,0.5828922752933572
433,1.2921909170785948,1.66975736618042,0.34559166431427,0.5899470847662092
434,1.297545248356171,1.6836236715316772,0.3569221496582031,0.5990641709025798
435,1.3023730553325907,1.6961755752563477,0.3472590446472168,0.5898844133545602
436,1.2897283048392982,1.66339910030365,0.33814841508865356,0.5858036598847691
437,1.2750502127689294,1.6257530450820923,0.3597537875175476,0.6018764272594688
438,1.2840990164478587,1.6489102840423584,0.35686904191970825,0.5988187547890342
439,1.2798940880737344,1.6381288766860962,0.35745978355407715,0.5993853822676122
440,1.3222159935611297,1.7482551336288452,0.341460645198822,0.5853023162302001
441,1.28201131764503,1.6435530185699463,0.3611077666282654,0.6016448503474683
442,1.316359703078685,1.7328028678894043,0.3406381607055664,0.5861627609440031
443,1.2661711844706423,1.603189468383789,0.34979742765426636,0.5936613126521747
444,1.2935891406173776,1.6733728647232056,0.34816157817840576,0.5912684579283568
445,1.2854452069214204,1.6523693799972534,0.3720710873603821,0.6110096629430731
446,1.2697423201942915,1.6122455596923828,0.3627040386199951,0.6039165602885215
447,1.2698391584987156,1.612491488456726,0.37343060970306396,0.6123503575658543
448,1.2934932048458394,1.6731246709823608,0.3472455143928528,0.590575515002601
449,1.2640730679403878,1.5978807210922241,0.3863258957862854,0.6220703597086852
450,1.262638666072765,1.5942564010620117,0.3699635863304138,0.6094305011219437
451,1.286892862589672,1.6560932397842407,0.3202335834503174,0.5705567920084125
452,1.287352473871485,1.6572763919830322,0.3250383734703064,0.5738601744777667
453,1.3027301199184398,1.6971057653427124,0.3538678288459778,0.5957551764111556
454,1.287387105936523,1.6573655605316162,0.36068713665008545,0.60168675813129
455,1.2937023928079137,1.6736658811569214,0.3398638367652893,0.5849401655236988
456,1.2897105119859933,1.6633532047271729,0.35868722200393677,0.599413116358616
457,1.2910820140302919,1.6668927669525146,0.36327171325683594,0.6043953431366041
458,1.2844584695465748,1.6498335599899292,0.3578007221221924,0.5985617140744915
459,1.3004011452255908,1.6910431385040283,0.3389427065849304,0.5842939876849399
460,1.2930985123441476,1.672103762626648,0.3469476103782654,0.5918554880369405
461,1.2751645038170738,1.626044511795044,0.372852623462677,0.6114984314689896
462,1.2870174485115313,1.6564139127731323,0.3411354422569275,0.5871737362125553
463,1.2826360323262047,1.6451551914215088,0.3848333954811096,0.620885694955225
464,1.3083977851461746,1.711904764175415,0.3056320548057556,0.5573510723601227
465,1.2600201490093021,1.5876507759094238,0.35847240686416626,0.5996890224377787
466,1.2876927351900493,1.6581525802612305,0.36881232261657715,0.6077072715134224
467,1.2442414678549718,1.548136830329895,0.3579620122909546,0.5998676614440536
468,1.2729170970426957,1.6203179359436035,0.34549933671951294,0.5890816995877917
469,1.292002013984386,1.6692692041397095,0.3375573754310608,0.5837777365079139
470,1.267146008961131,1.605659008026123,0.3607696294784546,0.6019720147889751
471,1.2795183062926456,1.6371670961380005,0.348990261554718,0.5923785577158066
472,1.3272198004549915,1.7615123987197876,0.3328067660331726,0.578931341147618
473,1.2821257319902486,1.6438463926315308,0.36702919006347656,0.6075150609794568
474,1.3066369756582072,1.7073001861572266,0.31894779205322266,0.5677765589044416
475,1.2787413344551082,1.6351794004440308,0.3558419942855835,0.5980250670724586
476,1.2891130842051906,1.6618125438690186,0.34767431020736694,0.5910451723656787
477,1.2873710401077625,1.657324194908142,0.34131020307540894,0.5864306599865869
478,1.2602944853441271,1.5883421897888184,0.3591964840888977,0.6003910827580379
479,1.2933723303889986,1.6728119850158691,0.3381228446960449,0.5837028451127051
480,1.2646867076135127,1.5994324684143066,0.37357574701309204,0.6122483273253438
481,1.283827306171129,1.6482125520706177,0.3475019335746765,0.5908190849563497
482,1.3055459128129683,1.7044501304626465,0.3625149130821228,0.6031238283887154
483,1.2916224174713657,1.6682884693145752,0.34826117753982544,0.5923331983419409
484,1.267099628153456,1.605541467666626,0.35435473918914795,0.5968308281543118
485,1.2916245402367883,1.6682939529418945,0.3440448045730591,0.5882654428120597
486,1.2855943669298409,1.6527528762817383,0.338493287563324,0.5842223626111891
487,1.2632554088773422,1.5958142280578613,0.35115569829940796,0.5938636987352299
488,1.3084259381089773,1.7119784355163574,0.3678308129310608,0.6073380666174893
489,1.2714308860766923,1.6165364980697632,0.35286247730255127,0.5960918666963085
490,1.29129920880478,1.667453646659851,0.36215877532958984,0.6046246683551071
491,1.3275224553021165,1.7623158693313599,0.3285592198371887,0.5761727177704653
492,1.2941701326653385,1.67487633228302,0.35185933113098145,0.5947965629191114
493,1.2738245744372043,1.6226290464401245,0.3587326407432556,0.5997570456067982
494,1.2762629518215998,1.6288471221923828,0.32100337743759155,0.5710336157074033
495,1.296950418508415,1.6820803880691528,0.34939444065093994,0.5926349845031562
496,1.3347981820449362,1.7816861867904663,0.3166618347167969,0.5655131392149795
497,1.2918364300481358,1.6688413619995117,0.36036694049835205,0.6009465270591466
498,1.3119853236755739,1.7213054895401,0.34974437952041626,0.5926260225269783
499,1.2844698385971813,1.6498627662658691,0.33689790964126587,0.5820455348649142
500,1.276936410705272,1.6305665969848633,0.3536653518676758,0.5968496460017753
501,1.2970160901638503,1.682250738143921,0.354370653629303,0.5967244989616255
502,1.3063320827703646,1.7065035104751587,0.32724058628082275,0.5748168657919979
503,1.2909417066318563,1.6665304899215698,0.32758599519729614,0.5748149339198481
504,1.2993845271302094,1.688400149345398,0.3354353904724121,0.5819912893826154
505,1.285482394219179,1.6524649858474731,0.3413510322570801,0.5864965203587316
506,1.2889851402420556,1.6614826917648315,0.34552693367004395,0.5914396153790914
507,1.267626369128378,1.6068766117095947,0.3479723334312439,0.5914143078987927
508,1.2701501364835928,1.6132813692092896,0.3606950640678406,0.6013653600291791
509,1.278413144114841,1.6343401670455933,0.3652784824371338,0.6060853674075488
510,1.2842147300203375,1.6492074728012085,0.3247670531272888,0.5737476426532617
511,1.2690391643213221,1.6104604005813599,0.3425217866897583,0.5875785599951058
512,1.307522372169266,1.7096147537231445,0.34096068143844604,0.5861284329843178
513,1.2661945803867176,1.6032487154006958,0.3559066653251648,0.5980125162906806
514,1.2489170628660287,1.5597938299179077,0.38503408432006836,0.6206196448554009
515,1.2948273268945085,1.6765778064727783,0.3529510498046875,0.5961321948995485
516,1.2754217497458367,1.6267006397247314,0.3465297818183899,0.5900791788260155
517,1.2908957190529284,1.6664117574691772,0.3367385268211365,0.5833843708598808
518,1.2997144385460742,1.6892576217651367,0.3431894779205322,0.5872341285603256
519,1.3144361656421257,1.7277424335479736,0.3227846026420593,0.5716434800026101
520,1.279934556748397,1.6382324695587158,0.36021727323532104,0.6014190563092296
521,1.2997955161443906,1.6894683837890625,0.32066774368286133,0.569562289205795
522,1.2881901881766573,1.6594339609146118,0.35261839628219604,0.5952090354647885
523,1.3171907345697005,1.734991431236267,0.339097261428833,0.584102533686222
524,1.284757465303002,1.6506017446517944,0.35218966007232666,0.5970600526689581
525,1.2807088499977364,1.6402151584625244,0.33762693405151367,0.5837816318675724
526,1.281656247374832,1.6426427364349365,0.3470737338066101,0.5914130089275805
527,1.295143396178247,1.6773964166641235,0.34138280153274536,0.5869154156519935
528,1.3253918068473263,1.75666344165802,0.34459394216537476,0.587942983755531
529,1.2981659312583873,1.685234785079956,0.3349665403366089,0.5811680631911735
530,1.308859317079736,1.713112711906433,0.32377392053604126,0.5721437680460645
531,1.2730825198562685,1.6207391023635864,0.3522452712059021,0.5956430028810374
532,1.2908480213693134,1.6662886142730713,0.35681337118148804,0.5989169332245587
533,1.2893435085221236,1.6624066829681396,0.34600043296813965,0.5893429929058968
534,1.3029468826305253,1.697670578956604,0.33974689245224,0.585648594708634
535,1.2720476769053317,1.6181052923202515,0.37306511402130127,0.6113572705913293
536,1.3003184552046005,1.6908280849456787,0.34852278232574463,0.5917214700026826
537,1.2669236384701394,1.6050955057144165,0.3552115559577942,0.5979620086037221
538,1.2765724116375992,1.6296371221542358,0.35576969385147095,0.5970774975257466
539,1.3073067784544141,1.7090510129928589,0.3466130495071411,0.5897359449328158
540,1.2978158318715414,1.684325933456421,0.3425719738006592,0.5873564366535884
541,1.2718716220670265,1.6176574230194092,0.3388257622718811,0.583848199836715
542,1.3282408719846788,1.7642238140106201,0.3362337350845337,0.5817481264842091
543,1.2974468946522433,1.683368444442749,0.3341582417488098,0.58108714678044
544,1.2604478511683186,1.5887287855148315,0.3655003309249878,0.6059623553461622
545,1.2744751429627441,1.6242868900299072,0.35311079025268555,0.5971117096754359
546,1.2616909248425372,1.591863989830017,0.3679056167602539,0.6089754150542428
547,1.286251077160324,1.6544418334960938,0.35230475664138794,0.5944209343963959
548,1.2848856910745456,1.6509312391281128,0.34866034984588623,0.5927783110478961
549,1.2936939614363723,1.6736440658569336,0.3648914694786072,0.6060468351992597
550,1.2934934813280268,1.6731253862380981,0.3366851806640625,0.5835824589883915
551,1.2800990261575114,1.6386535167694092,0.33201146125793457,0.5794510339865997
552,1.2841047722029004,1.6489250659942627,0.3540995121002197,0.5964254269936881
553,1.2880056962130149,1.6589586734771729,0.3312654495239258,0.578761632412866
554,1.2944078072332503,1.6754915714263916,0.3591032028198242,0.6010556564119093
555,1.2759987752543822,1.6281728744506836,0.3591075539588928,0.600423760897134
556,1.272464169595497,1.619165062904358,0.3529071807861328,0.5963192348865999
557,1.3032710444077436,1.6985154151916504,0.34211939573287964,0.5868284846673703
558,1.29317765406645,1.6723084449768066,0.3382025361061096,0.5841640930831831
559,1.3143629748873173,1.7275500297546387,0.3477327227592468,0.5926102272195579
560,1.2771957265030318,1.6312289237976074,0.34860002994537354,0.5925128463489716
561,1.343899651998967,1.8060662746429443,0.30418890714645386,0.5565110960214898
562,1.2876647769704435,1.6580805778503418,0.35192257165908813,0.595305650204693
563,1.2902516746458388,1.6647493839263916,0.35044580698013306,0.5928035977022048
564,1.267367964193317,1.6062215566635132,0.3779396414756775,0.6157317689777392
565,1.301749066998122,1.694550633430481,0.3346244692802429,0.5801146793585248
566,1.3068139113857773,1.707762598991394,0.3523860573768616,0.5947791743373925
567,1.3120707763736472,1.7215297222137451,0.32965147495269775,0.5766830536952959
568,1.309173637693718,1.7139356136322021,0.36441344022750854,0.6040727537634819
569,1.2685100027764307,1.6091176271438599,0.39626544713974,0.6297591172016573
570,1.3056036650584006,1.7046009302139282,0.3350309729576111,0.5819239800249516
571,1.2832184069230101,1.6466494798660278,0.3622792959213257,0.6023720077944286
572,1.297145080019845,1.68258535861969,0.3379271626472473,0.5836052700247962
573,1.2807851273684037,1.6404105424880981,0.3513832688331604,0.5954919027017981
574,1.2814854196261527,1.6422048807144165,0.3383871912956238,0.5842082216562761
575,1.251235637296546,1.5655906200408936,0.372555136680603,0.6110585356609163
576,1.2808788971665288,1.640650749206543,0.3535083532333374,0.5962849201183269
577,1.302775049218034,1.6972228288650513,0.3448915481567383,0.58915741297371
578,1.2887952122865163,1.6609930992126465,0.3392433524131775,0.5848559165844345
579,1.2889158685690407,1.6613041162490845,0.3482614755630493,0.5913959653989854
580,1.2930229152616688,1.6719082593917847,0.3271433711051941,0.5742015588105505
581,1.283603460608335,1.6476378440856934,0.36018210649490356,0.6007558582755363
582,1.3042040631637377,1.7009482383728027,0.34624147415161133,0.5907357732757581
583,1.2876581113450287,1.6580634117126465,0.3281286358833313,0.575384949184595
584,1.2869408921226744,1.6562168598175049,0.3563382625579834,0.5981679527708657
585,1.2892727304747578,1.6622241735458374,0.3473097085952759,0.5920689512455594
586,1.277592532694187,1.6322426795959473,0.3391551971435547,0.5844351117109917
587,1.314578635584704,1.7281169891357422,0.35015732049942017,0.5930322786812418
588,1.3019865483235151,1.6951689720153809,0.32013261318206787,0.5690559059050473
589,1.2679361974988073,1.6076622009277344,0.359397292137146,0.6008140584980105
590,1.276590387607048,1.629683017730713,0.37470221519470215,0.6131943721697392
591,1.2686836582371666,1.6095582246780396,0.3733865022659302,0.6119918718632681
592,1.2852328199400724,1.6518234014511108,0.34779345989227295,0.5915615856352466
593,1.301932298165793,1.6950277090072632,0.322406530380249,0.5731817193637277
594,1.2945313476120446,1.6758114099502563,0.3599516749382019,0.6021538149080049
595,1.2875243286500822,1.6577188968658447,0.3457334637641907,0.5907983153510676
596,1.278978986774783,1.6357872486114502,0.36295145750045776,0.6032176196961397
597,1.2938533188849073,1.6740564107894897,0.3200100064277649,0.5690491983377373
598,1.2653708026066093,1.6011632680892944,0.35595273971557617,0.5996095178328779
599,1.2957008745911691,1.6788407564163208,0.34292811155319214,0.5874504815188557
600,1.2930572571670986,1.6719970703125,0.33811837434768677,0.58339086053931
601,1.292562461243959,1.670717716217041,0.36436301469802856,0.6049230367183331
602,1.3149726827126553,1.7291531562805176,0.3368569612503052,0.5827712086816874
603,1.2519933542343331,1.567487359046936,0.3648785948753357,0.6048152900663814
604,1.253273159410467,1.5706936120986938,0.3737037181854248,0.6115373738438116
605,1.2877928058291206,1.6584103107452393,0.3490869402885437,0.5923579005537917
606,1.3072357875031682,1.7088654041290283,0.33801090717315674,0.5834635340261924
607,1.2672369311154188,1.6058894395828247,0.37209606170654297,0.6104926312025648
608,1.3290599000834946,1.7664002180099487,0.34730035066604614,0.5901411129685676
609,1.3152137584786885,1.7297872304916382,0.3366246223449707,0.581471713466814
610,1.2579148055462221,1.5823496580123901,0.36807745695114136,0.607745366988051
611,1.2712183145120826,1.61599600315094,0.3818258047103882,0.6181781972218605
612,1.3204052683726601,1.7434700727462769,0.31180334091186523,0.5645543045936393
613,1.2946303832106212,1.67606782913208,0.36159300804138184,0.6032148804969003
614,1.2728994906318143,1.6202731132507324,0.35298293828964233,0.5963115635725169
615,1.2998911243476416,1.6897169351577759,0.34819668531417847,0.5916216011552947
616,1.2916675947042433,1.6684051752090454,0.3270242214202881,0.5740304786514777
617,1.3034904607870803,1.699087381362915,0.33658701181411743,0.5824778844351247
618,1.3049571963485078,1.7029132843017578,0.36872899532318115,0.6081965660461106
619,1.2466186087741038,1.5540579557418823,0.36240047216415405,0.60312904103692
620,1.2966631980660013,1.68133544921875,0.33891451358795166,0.5834121083556091
621,1.2917716024699153,1.6686738729476929,0.34852057695388794,0.5917580371755011
622,1.2645928683646808,1.599195122718811,0.37195515632629395,0.611008996370218
623,1.2878672751848796,1.6586021184921265,0.3586304783821106,0.6001204786574462
624,1.2878257135770002,1.6584950685501099,0.36811208724975586,0.606813042358953
625,1.327588590119269,1.7624914646148682,0.3151155710220337,0.5649546841267955
626,1.2625417947932867,1.5940117835998535,0.34430378675460815,0.5888190968138045
627,1.3065206019269586,1.7069960832595825,0.33728867769241333,0.5820182065915875
628,1.2872355143164855,1.656975269317627,0.35169821977615356,0.5947171385361816
629,1.2800203330689979,1.6384520530700684,0.3665362000465393,0.6070001942792356
630,1.2700959812900552,1.613143801689148,0.3574790358543396,0.5993649557551225
631,1.2577686657583005,1.5819820165634155,0.372580349445343,0.6107287666642973
632,1.3087519763541762,1.712831735610962,0.3423578143119812,0.58654345939645
633,1.296458257795419,1.6808040142059326,0.34165292978286743,0.5870337952501434
634,1.249522451732552,1.561306357383728,0.36736851930618286,0.6064911003887995
635,1.2901409377503446,1.6644636392593384,0.3514617085456848,0.594191423124027
636,1.276831567952693,1.6302988529205322,0.35393035411834717,0.5965916226028031
637,1.2999971334719231,1.6899925470352173,0.33721107244491577,0.5827441320691904
638,1.2971089163631608,1.6824915409088135,0.35240060091018677,0.5954749042790284
639,1.3063453146733939,1.7065380811691284,0.3637816309928894,0.6033315658319529
640,1.3115015773698262,1.7200363874435425,0.35124528408050537,0.5937018445344244
641,1.306153165157452,1.70603609085083,0.3635632395744324,0.604056778465133
642,1.2995902901369811,1.6889349222183228,0.35058289766311646,0.5933320105997222
643,1.313149609341941,1.7243618965148926,0.36082708835601807,0.601464201781817
644,1.3129546422539782,1.723849892616272,0.351632297039032,0.5949061083270022
645,1.2758672737791334,1.6278373003005981,0.34797364473342896,0.5919543984758142
646,1.2687802484974913,1.609803318977356,0.3506591320037842,0.5942686622844845
647,1.2947014208171153,1.676251769065857,0.3493538498878479,0.592793149695052
648,1.3125492722481555,1.7227855920791626,0.33875060081481934,0.583965786611039
649,1.2825964389108568,1.6450536251068115,0.352448046207428,0.5948478275027913
650,1.2779320345015606,1.6331102848052979,0.3696594834327698,0.6095436490327484
651,1.3015581165253645,1.6940535306930542,0.3448033928871155,0.5894988522571247
652,1.3076890237689318,1.7100505828857422,0.34501248598098755,0.5889326714784584
653,1.3014465555157109,1.6937631368637085,0.34862828254699707,0.5916028975217172
654,1.2874446542195621,1.6575137376785278,0.3571622371673584,0.5989838097561683
655,1.271577236927329,1.6169086694717407,0.35641318559646606,0.5976360329738666
656,1.2466545158616862,1.554147481918335,0.38378554582595825,0.6204123067990127
657,1.300936165597503,1.6924349069595337,0.3438050150871277,0.5878945756266757
658,1.3091159974087976,1.7137846946716309,0.3303072452545166,0.5780551453638421
659,1.2696452867202246,1.6119991540908813,0.340091347694397,0.5870807035077414
660,1.2869337132803789,1.6561983823776245,0.3498113751411438,0.5934627806234913
661,1.2821994613026315,1.6440354585647583,0.34753894805908203,0.5922724476492508
662,1.2739152538702383,1.622860074043274,0.3384758234024048,0.5841632702963436
663,1.2778425263617774,1.63288152217865,0.36620503664016724,0.6060706559741784
664,1.2916990655506875,1.668486475944519,0.3412642478942871,0.586184416964589
665,1.2782725186079484,1.633980631828308,0.3653367757797241,0.605160426874777
666,1.2854063955893091,1.6522696018218994,0.34732717275619507,0.5900441720510302
667,1.2829794957402352,1.6460363864898682,0.35915303230285645,0.6004497538433146
668,1.2648434521755458,1.5998289585113525,0.3731914758682251,0.6117266607614615
669,1.263402470875133,1.5961858034133911,0.3568806052207947,0.5988119062513055
670,1.2801225400174128,1.6387137174606323,0.3699156641960144,0.6086787379709072
671,1.2889220652521565,1.6613200902938843,0.3415481448173523,0.5857716607627782
672,1.291381876323745,1.6676671504974365,0.33172839879989624,0.5785928575976554
673,1.3040943739154314,1.7006621360778809,0.366571843624115,0.6060496148620346
674,1.2786408817275665,1.6349225044250488,0.37087106704711914,0.6098657028164847
675,1.324909671367571,1.7553856372833252,0.3359089493751526,0.5814059728659307
676,1.2969935719162378,1.682192325592041,0.3453317880630493,0.589285857478828
677,1.2429401348855469,1.5449001789093018,0.39179760217666626,0.6262472751348663
678,1.2984386347686547,1.6859428882598877,0.3442360758781433,0.589070900936074
679,1.270825709127267,1.6149979829788208,0.3535136580467224,0.5955641862946447
680,1.312805231115553,1.7234575748443604,0.3274145722389221,0.5754128385752071
681,1.263395205461379,1.5961674451828003,0.3752918243408203,0.6133531006973688
682,1.2975256792735659,1.6835728883743286,0.33138805627822876,0.5783786863598699
683,1.3002908601360579,1.6907563209533691,0.3542718291282654,0.5964322710520902
684,1.283994480020179,1.64864182472229,0.33322006464004517,0.5826275680168007
685,1.3000467878871902,1.6901216506958008,0.34770911931991577,0.5910542024312821
686,1.3062786975245306,1.7063640356063843,0.35323017835617065,0.5959958032325586
687,1.275146928436944,1.6259996891021729,0.3787926435470581,0.6159386310523421
688,1.2880341097893941,1.659031867980957,0.348177433013916,0.5917930895832068
689,1.283401497149445,1.647119402885437,0.3374215364456177,0.5834388571099237
690,1.2740869094871965,1.6232974529266357,0.3451883792877197,0.59001216404427
691,1.324504315128404,1.7543116807937622,0.3315783143043518,0.5787306708023259
692,1.2881611302476,1.659359097480774,0.3581843376159668,0.5997245432372271
693,1.2859916870269723,1.653774619102478,0.3438270688056946,0.5907038978367323
694,1.2936074330379974,1.6734201908111572,0.3437783122062683,0.5879948973823892
695,1.2676260870043097,1.6068758964538574,0.3729081153869629,0.6122236177177256
696,1.2823222720937788,1.6443504095077515,0.3537976145744324,0.5965894652893187
697,1.269127649562042,1.6106849908828735,0.3355712890625,0.5832534826236262
698,1.3063432158287533,1.706532597541809,0.3478914499282837,0.5907563080451528
699,1.2845601377683082,1.650094747543335,0.33455246686935425,0.581769408839292
700,1.294033937118273,1.6745238304138184,0.37282097339630127,0.6111659046801127
701,1.319382063188535,1.7407690286636353,0.3405335545539856,0.5855896680809157
702,1.2587094633210216,1.584349513053894,0.36031848192214966,0.6015544798065802
703,1.2884837845569113,1.660190463066101,0.34010887145996094,0.5871771507113261
704,1.2838138886092243,1.6481781005859375,0.34666502475738525,0.5913262060706262
705,1.2870466711952753,1.6564891338348389,0.3513104319572449,0.5944964985738133
706,1.2896496447069778,1.6631962060928345,0.34984415769577026,0.5931153328558951
707,1.3017588198315213,1.6945760250091553,0.3274466395378113,0.5754297464622229
708,1.2981587226612532,1.6852160692214966,0.31838488578796387,0.5676603608830372
709,1.2829263931620987,1.6459001302719116,0.3502533435821533,0.5933729589501272
710,1.2942172473685516,1.6749982833862305,0.35000377893447876,0.5938847988671101
711,1.336404551461812,1.7859771251678467,0.3207356333732605,0.5684619689647791
712,1.3012278938431165,1.693194031715393,0.3747069835662842,0.6126794056278105
713,1.2847658161407913,1.6506232023239136,0.3697173595428467,0.6083065168094817
714,1.3198686564730469,1.7420532703399658,0.3292466998100281,0.5758192076149091
715,1.2692690064932735,1.6110438108444214,0.37420445680618286,0.6121366921004264
716,1.2797311759081467,1.6377118825912476,0.3398836851119995,0.5852208057596572
717,1.2775825020712728,1.6322170495986938,0.3196011781692505,0.5707309876205464
718,1.2972518189616526,1.6828622817993164,0.3273349404335022,0.5753618702299923
719,1.2813076843674367,1.641749382019043,0.3694031238555908,0.6081710886075357
720,1.2549989401672266,1.5750223398208618,0.36961543560028076,0.6097594711075837
721,1.2812973106767505,1.6417227983474731,0.3461918830871582,0.5902354268524642
722,1.2693952282148906,1.6113642454147339,0.3503469228744507,0.5948935620014117
723,1.3165293106832303,1.7332494258880615,0.3287910223007202,0.5747231556330016
724,1.2955609753951363,1.6784782409667969,0.357538640499115,0.5987402122471017
725,1.2723744173416796,1.6189366579055786,0.34843748807907104,0.5926716471170945
726,1.2788309195114682,1.6354085206985474,0.3575829267501831,0.5993280906291248
727,1.2994815874809797,1.6886523962020874,0.32913899421691895,0.5757168324495707
728,1.2993529213208002,1.6883180141448975,0.3588855266571045,0.5992328003902916
729,1.2824638943116538,1.6447136402130127,0.346985399723053,0.5905059990960867
730,1.299813125090007,1.68951416015625,0.35639578104019165,0.598398641678576
731,1.2779773225787114,1.6332260370254517,0.34122562408447266,0.5856239926283707
732,1.2827737632785203,1.6455085277557373,0.36354464292526245,0.6051779708647301
733,1.2860873018060714,1.6540205478668213,0.3572864532470703,0.598261049081657
734,1.290572420762598,1.6655771732330322,0.35809993743896484,0.5994774183135514
735,1.283453883458245,1.6472538709640503,0.3409816026687622,0.5870201427210143
736,1.2660564581981144,1.6028989553451538,0.36874938011169434,0.610206668601558
737,1.2776951671008852,1.632504940032959,0.3476025462150574,0.5913982621484695
738,1.2693195342544674,1.611172080039978,0.3687429428100586,0.6092099599292492
739,1.3092816722448635,1.7142184972763062,0.3462333679199219,0.5898808855273325
740,1.3282975477442254,1.7643743753433228,0.3337123394012451,0.5807185956798839
741,1.2654524791541464,1.6013699769973755,0.35803717374801636,0.6010485540761058
742,1.2661493886910529,1.603134274482727,0.36921149492263794,0.6087473394726803
743,1.260328820480208,1.5884287357330322,0.3584665060043335,0.6001806954619079
744,1.3067467251567482,1.7075870037078857,0.34821122884750366,0.5926180203949569
745,1.294098190777169,1.6746901273727417,0.33738863468170166,0.5832942920407942
746,1.2850785159455338,1.6514267921447754,0.3427838087081909,0.5874218418821172
747,1.288803721953783,1.6610150337219238,0.358490526676178,0.6002354531825245
748,1.2973680593038661,1.6831638813018799,0.35287725925445557,0.5956713638348133
749,1.3011824072323102,1.6930756568908691,0.34414392709732056,0.5888616984038035
750,1.2947106742948622,1.6762757301330566,0.3285977840423584,0.5757073315315283
751,1.2830555916662973,1.6462316513061523,0.3431841731071472,0.587745748715253
752,1.2905488201870055,1.6655162572860718,0.355735719203949,0.5979236687537561
753,1.28775795324673,1.6583205461502075,0.3383113741874695,0.5839012029571216
754,1.3000545361890534,1.6901417970657349,0.3274821639060974,0.5759907728891914
755,1.2805219768379525,1.639736533164978,0.34002286195755005,0.5864136249217213
756,1.2789140201209057,1.6356210708618164,0.3511979579925537,0.5945055761614744
757,1.2789489738957451,1.6357104778289795,0.35310590267181396,0.5957248908363338
758,1.2625307003858595,1.593983769416809,0.36320269107818604,0.604099739574876
759,1.2896608755600036,1.6632251739501953,0.3404303193092346,0.5853493353435594
760,1.27110179296011,1.6156997680664062,0.3516085147857666,0.5956440497931675
761,1.2795646096121187,1.637285590171814,0.34308093786239624,0.5892425759872654
762,1.2814488605530965,1.6421111822128296,0.34062623977661133,0.5863273577036332
763,1.2724242128238408,1.619063377380371,0.3587085008621216,0.6004883125679943
764,1.256708833777939,1.5793170928955078,0.3592967987060547,0.601473596546138
765,1.2883948244239012,1.659961223602295,0.3486891984939575,0.5916428270350985
766,1.3026946603649339,1.6970133781433105,0.3342202305793762,0.5807962691202037
767,1.2973799584192263,1.6831947565078735,0.34889674186706543,0.5921920447022713
768,1.297362913706666,1.6831505298614502,0.3512423634529114,0.5945894263538215
769,1.2798747148145568,1.638079285621643,0.3632950186729431,0.6035254561966893
770,1.2986974205850934,1.686614990234375,0.32907581329345703,0.5768452905929302
771,1.2729535265558103,1.620410680770874,0.36101317405700684,0.6024231080741937
772,1.2902913565184089,1.6648517847061157,0.33739596605300903,0.583394247505586
773,1.280666218322829,1.640105962753296,0.37308692932128906,0.6121671290679783
774,1.25427820506022,1.573213815689087,0.37080103158950806,0.6095019489255254
775,1.2906395253248482,1.6657503843307495,0.3568685054779053,0.5983656309568254
776,1.2947097535537706,1.6762733459472656,0.3674592971801758,0.6075261617176295
777,1.318225136033187,1.7377175092697144,0.33758074045181274,0.5834326850623154
778,1.2914295542899514,1.6677902936935425,0.34601396322250366,0.5897254294795443
779,1.2761083105421265,1.6284524202346802,0.3530591130256653,0.5962155102836725
780,1.2991684087839899,1.6878385543823242,0.3610990643501282,0.6018956703120324
781,1.300610230346878,1.691586971282959,0.35082608461380005,0.5935554505357887
782,1.29227735582925,1.669980764389038,0.32194244861602783,0.5709241726080713
783,1.2764391014194796,1.6292967796325684,0.35669994354248047,0.5990488925955815
784,1.337586261071027,1.7891370058059692,0.3311000466346741,0.5794042591707356
785,1.3017502117006625,1.6945536136627197,0.33542299270629883,0.5810572503634365
786,1.317167520428107,1.7349302768707275,0.3288232088088989,0.5756743725890808
787,1.293426847411715,1.6729530096054077,0.352475106716156,0.5954885447432977
788,1.276313903210054,1.6289771795272827,0.37018918991088867,0.6092043758045801
789,1.2762183968781171,1.6287333965301514,0.3452302813529968,0.589671022327799
790,1.2977491902433547,1.6841529607772827,0.3534611463546753,0.5968318376498742
791,1.31011955924115,1.7164132595062256,0.33506399393081665,0.5817739743292385
792,1.2787619833883481,1.6352322101593018,0.37530386447906494,0.613443106684898
793,1.3207016771969198,1.7442529201507568,0.34174561500549316,0.5872089956129636
794,1.2959085563258863,1.6793789863586426,0.3396679759025574,0.5847841791191696
795,1.2787543391268767,1.6352126598358154,0.3638269901275635,0.6038039139259748
796,1.262073998293394,1.592830777168274,0.3607856035232544,0.601861260792436
797,1.2838411878609415,1.6482481956481934,0.34829968214035034,0.591817085418332
798,1.2671575333406904,1.605688214302063,0.34974759817123413,0.592696754125696
799,1.2769564353454195,1.6306177377700806,0.3615833520889282,0.602036034174435
800,1.3127549241772198,1.723325490951538,0.3456929326057434,0.5892446663504223
801,1.3159864531692287,1.7318203449249268,0.33205950260162354,0.5776885612802102
802,1.2994405808259295,1.688545823097229,0.3371451497077942,0.5826408830321576
803,1.286067929148297,1.653970718383789,0.35874640941619873,0.5998441515236244
804,1.3136059778832523,1.7255606651306152,0.3371184468269348,0.5830040347126552
805,1.2951399445493939,1.6773874759674072,0.33403676748275757,0.5808864717171367
806,1.306737739363888,1.7075635194778442,0.3381732702255249,0.5847963038856562
807,1.2640377971182823,1.5977915525436401,0.3376801609992981,0.5837981496122185
808,1.3111571754204818,1.7191331386566162,0.337468683719635,0.5831655407699902
809,1.3141695938287394,1.7270417213439941,0.3122081756591797,0.5638007085405878
810,1.3311620208610129,1.7719923257827759,0.32885003089904785,0.5758191702806847
811,1.2968084019485844,1.681712031364441,0.34708863496780396,0.5914535970351019
812,1.3036254854807643,1.6994394063949585,0.3496766686439514,0.5923309214159054
813,1.26800191463362,1.6078288555145264,0.3660586476325989,0.6057984039685336
814,1.262967651925488,1.5950872898101807,0.3461132049560547,0.5908651922395792
815,1.2678096424622523,1.6073412895202637,0.3582295775413513,0.5996494700345434
816,1.2917154005557958,1.66852867603302,0.36014020442962646,0.6008715774842815
817,1.2723812567237278,1.618954062461853,0.34772348403930664,0.5921209320171391
818,1.2917031723934447,1.668497085571289,0.3417147994041443,0.5861824304456181
819,1.3372705958062792,1.788292646408081,0.3219848871231079,0.5701648526260065
820,1.311267228426997,1.7194217443466187,0.3573063611984253,0.5988494199321442
821,1.2987999475620684,1.6868813037872314,0.35074174404144287,0.5936023186300551
822,1.2861801752799182,1.654259443283081,0.35938727855682373,0.6016339585575581
823,1.300954537977651,1.6924827098846436,0.33595144748687744,0.5820791435299427
824,1.2814860242839876,1.6422064304351807,0.3557388186454773,0.5975831369443899
825,1.272605062243321,1.6195236444473267,0.35119783878326416,0.5944776743099823
826,1.2963062096146065,1.6804097890853882,0.36917996406555176,0.6085705625492575
827,1.2707072753087962,1.614696979522705,0.3510509133338928,0.5957073539727286
828,1.299912308522982,1.6897720098495483,0.3536812663078308,0.5954823034649104
829,1.2714119464268,1.6164883375167847,0.36985570192337036,0.6090948877516584
830,1.259575124131907,1.5865294933319092,0.3744131326675415,0.6127591525253532
831,1.2655192201466832,1.601538896560669,0.34775227308273315,0.5919095692820641
832,1.2754001587866293,1.626645565032959,0.35561394691467285,0.5973547979285019
833,1.3030165977123542,1.6978522539138794,0.3288919925689697,0.5762527169284997
834,1.2833426528856493,1.6469683647155762,0.3658754825592041,0.6069218765234154
835,1.2789410977285254,1.6356903314590454,0.3696401119232178,0.6091909171206079
836,1.2979513091254986,1.6846776008605957,0.3449058532714844,0.5896981168968958
837,1.3138062017380656,1.7260867357254028,0.3566221594810486,0.5981890368906546
838,1.2946522980143766,1.6761245727539062,0.344631552696228,0.5898450405354778
839,1.2873261751034846,1.6572086811065674,0.3506389260292053,0.5930976357069805
840,1.2898858879687838,1.663805603981018,0.3512600064277649,0.594237784915645
841,1.2719770142229807,1.6179255247116089,0.36032217741012573,0.6009526998251303
842,1.2900714047209032,1.6642842292785645,0.35928916931152344,0.6002917005809579
843,1.322456424983186,1.748890995979309,0.31867218017578125,0.5684134296495229
844,1.2658662919221202,1.6024174690246582,0.36181187629699707,0.6032634987810261
845,1.2806541639128428,1.6400750875473022,0.37020057439804077,0.6095313179183989
846,1.3028204344729497,1.6973410844802856,0.33511048555374146,0.5807651332254247
847,1.2728081768813824,1.6200406551361084,0.3659001588821411,0.6059528949430533
848,1.2743184137807249,1.6238874197006226,0.3909558653831482,0.6257605735167465
849,1.2989042102068538,1.6871521472930908,0.3441624045372009,0.5882715736576206
850,1.294123062304779,1.6747545003890991,0.34750694036483765,0.5911006355677055
851,1.2933618691252426,1.6727849245071411,0.3646411895751953,0.6049153621522164
852,1.304595395794618,1.7019691467285156,0.3446045517921448,0.5893112942924575
853,1.2947878761062113,1.6764756441116333,0.3380281329154968,0.5852545715835771
854,1.284515406598227,1.649979829788208,0.35245734453201294,0.5961421160485101
855,1.2849565716095415,1.6511133909225464,0.36315035820007324,0.6052710834959759
856,1.2803883795567528,1.6393944025039673,0.3384990096092224,0.5848196519797921
857,1.2661121514047216,1.6030399799346924,0.3557438254356384,0.5979472497954234
858,1.286685949207427,1.6555607318878174,0.35560911893844604,0.5976347291288063
859,1.286458987134183,1.654976725578308,0.34637653827667236,0.5893260500972107
860,1.2815123033680857,1.6422737836837769,0.368553102016449,0.6082089684008206
861,1.2799398655474892,1.6382460594177246,0.36403888463974,0.6041790357306425
862,1.2838800929342415,1.648348093032837,0.3441164493560791,0.5894622094566088
863,1.246364121716801,1.553423523902893,0.37855881452560425,0.6156708767027581
864,1.3346970359409787,1.7814161777496338,0.31894075870513916,0.5674654979966935
865,1.282088633292749,1.6437512636184692,0.3649476170539856,0.6050594100015956
866,1.2842536237775823,1.649307370185852,0.33901435136795044,0.5855707971625824
867,1.2663279806303274,1.6035865545272827,0.37496697902679443,0.6128326475860183
868,1.273112764669586,1.6208161115646362,0.35483992099761963,0.5969065084117863
869,1.2754424991544275,1.626753568649292,0.36397743225097656,0.6040061715168873
870,1.2793764977756188,1.636804223060608,0.35582441091537476,0.5987980399329019
871,1.3041607827164556,1.7008353471755981,0.3499146103858948,0.5946092221038191
872,1.2900744540884743,1.6642920970916748,0.350924551486969,0.5939205339722489
873,1.302124338140152,1.6955277919769287,0.3326781392097473,0.5802993016430495
874,1.2884950718309913,1.6602195501327515,0.3213123083114624,0.5715414253002358
875,1.3131674023354358,1.7244086265563965,0.32259678840637207,0.5704385216563734
876,1.311729750095795,1.720634937286377,0.3329300284385681,0.5794133732812573
877,1.3083094045957502,1.7116734981536865,0.3352607488632202,0.5824714835610897
878,1.2843250496982728,1.6494908332824707,0.3227781653404236,0.5721878199255002
879,1.272600846931695,1.619512915611267,0.3458089232444763,0.5893969283815915
880,1.2479677846858745,1.5574235916137695,0.37150269746780396,0.6104504322858292
881,1.2624210729572254,1.5937069654464722,0.35744452476501465,0.5992453073439278
882,1.33287800027552,1.7765637636184692,0.3352435827255249,0.5809548518317545
883,1.2755959127979704,1.6271449327468872,0.36723536252975464,0.606559595865734
884,1.26872819590507,1.6096712350845337,0.3658636212348938,0.6067002099415277
885,1.2978563387562603,1.6844310760498047,0.33716773986816406,0.582817473634859
886,1.2874648857883704,1.6575658321380615,0.3551446795463562,0.5966558316213647
887,1.283213715531354,1.6466374397277832,0.37246567010879517,0.6110274101837893
888,1.30966898456102,1.7152328491210938,0.3460732102394104,0.5895028344296679
889,1.2739739721445098,1.6230096817016602,0.35793763399124146,0.5999046812566005
890,1.26771058035625,1.6070901155471802,0.36940622329711914,0.60964602761014
891,1.295661588410741,1.6787389516830444,0.3391825556755066,0.5848031263735591
892,1.2770213148896756,1.6307834386825562,0.35517948865890503,0.59725235496792
893,1.3174179671950703,1.7355901002883911,0.35051673650741577,0.5937077663594265
894,1.2668620057232378,1.604939341545105,0.362751305103302,0.6041372319034443
895,1.2954140672793626,1.6780976057052612,0.33110296726226807,0.5779369034981079
896,1.308686665894379,1.712660789489746,0.3606451153755188,0.6020591876159403
897,1.2918354611189582,1.6688388586044312,0.36387890577316284,0.6041773853377927
898,1.2969964671414038,1.6821998357772827,0.36432945728302,0.6044407548352752
899,1.3156783811200563,1.731009602546692,0.3502563238143921,0.5931003918079221
900,1.2549547701736423,1.5749114751815796,0.37586766481399536,0.6137745253068806
901,1.31670727103836,1.7337180376052856,0.3251807689666748,0.5733607367650077
902,1.3199582499346085,1.7422897815704346,0.3618677258491516,0.602911216844867
903,1.251892945365247,1.5672359466552734,0.3619179129600525,0.6025848685779935
904,1.327567892475705,1.7624365091323853,0.34012705087661743,0.5843642881934442
905,1.2889057410899654,1.6612780094146729,0.34736520051956177,0.5909390604536799
906,1.2646839740723816,1.5994255542755127,0.3667328357696533,0.6076472699824874
907,1.3080112356409124,1.7108933925628662,0.34451180696487427,0.5891010985792022
908,1.2729831189147287,1.6204860210418701,0.34753119945526123,0.5914424901728725
909,1.279957421682411,1.6382910013198853,0.34967583417892456,0.5937700257093302
910,1.2950384625500309,1.6771246194839478,0.351493775844574,0.5948250370952138
911,1.3007729103347994,1.6920101642608643,0.34687042236328125,0.5892827964564781
912,1.2887185765014257,1.6607955694198608,0.35861533880233765,0.5999565619273795
913,1.310106092481261,1.7163779735565186,0.34526073932647705,0.5895021089456789
914,1.2873849298850004,1.6573599576950073,0.3403075337409973,0.5852714592839462
915,1.301121022980903,1.692915916442871,0.34509599208831787,0.5894778602742269
916,1.2701245608783749,1.6132164001464844,0.36235249042510986,0.6032057809150028
917,1.29060849047578,1.6656702756881714,0.34083157777786255,0.5849048769058817
918,1.2710561661184265,1.6155837774276733,0.3559778928756714,0.5997322186462677
919,1.2598885409693563,1.5873191356658936,0.36262834072113037,0.6039782781759319
920,1.291199086783605,1.6671950817108154,0.33574968576431274,0.5819860533370677
921,1.3252048927809794,1.756168007850647,0.34338104724884033,0.588254364321503
922,1.309028985820902,1.7135568857192993,0.34651482105255127,0.5894138783938296
923,1.2884985875191162,1.6602286100387573,0.3410356640815735,0.5873134205245675
924,1.271700323608554,1.617221713066101,0.34751880168914795,0.5909180981033769
925,1.2626473048171447,1.5942782163619995,0.3503999710083008,0.594076028860647
926,1.2724600943433029,1.619154691696167,0.349407434463501,0.5926249335255676
927,1.2740173891758162,1.6231203079223633,0.36365824937820435,0.6064272388170809
928,1.2951807192040612,1.6774930953979492,0.34842127561569214,0.5922690808899076
929,1.3192821296883956,1.740505337715149,0.3362649083137512,0.5827788393191892
930,1.2652943026043642,1.600969672203064,0.38453787565231323,0.6211506237545209
931,1.2916797309132777,1.6684365272521973,0.3623972535133362,0.6032224418665827
932,1.284069958774482,1.6488356590270996,0.33712226152420044,0.5832335736944734
933,1.2768182636041083,1.6302648782730103,0.3428264260292053,0.5882246245442211
934,1.3173711845501235,1.7354668378829956,0.3176228404045105,0.5679465620729702
935,1.2788760825428405,1.635524034500122,0.33923619985580444,0.5855394527921564
936,1.3085061570643282,1.7121883630752563,0.32759153842926025,0.5767846156234978
937,1.2704610852643785,1.6140713691711426,0.3421153426170349,0.5860610961320556
938,1.3003695641253403,1.6909610033035278,0.3256639838218689,0.5745244033479675
939,1.2731297595047975,1.6208593845367432,0.37034881114959717,0.6095004594955485
940,1.2430619814450325,1.5452030897140503,0.37009096145629883,0.6101480170087357
941,1.2989157740338892,1.6871821880340576,0.33511626720428467,0.5804536905356067
942,1.3321256632080603,1.7745587825775146,0.3287510275840759,0.5753787298921282
943,1.2646875088227245,1.599434494972229,0.34838199615478516,0.5921856960607136
944,1.3003638345256816,1.690946102142334,0.338390588760376,0.5843082482131114
945,1.2864102445976169,1.6548513174057007,0.3435155749320984,0.5888601962203679
946,1.2893005151355743,1.6622958183288574,0.3608962893486023,0.6028877975006676
947,1.2647953375256888,1.5997072458267212,0.3499460220336914,0.5936614327361412
948,1.2826108915785261,1.6450906991958618,0.34042781591415405,0.5866681272152724
949,1.2850017048865263,1.6512293815612793,0.3566700220108032,0.5982199109497812
950,1.2891213605909446,1.6618338823318481,0.3304445147514343,0.5795965439960623
951,1.3158853105728325,1.7315541505813599,0.3491716980934143,0.5924481029422
952,1.3003101125712206,1.6908063888549805,0.34007275104522705,0.5855054528729119
953,1.2926858552161382,1.671036720275879,0.335931658744812,0.5822895762886197
954,1.2855674294584898,1.6526836156845093,0.35179632902145386,0.5940497578867173
955,1.2894296758970076,1.6626288890838623,0.34497493505477905,0.5902842974004038
956,1.3090727882955353,1.7136715650558472,0.35825401544570923,0.5993534396123421
957,1.2967173469040356,1.6814758777618408,0.342826783657074,0.5878732974744681
958,1.296714956680451,1.6814696788787842,0.34728705883026123,0.5908999406491832
959,1.2765893604156127,1.6296803951263428,0.354015052318573,0.5961777571603262
960,1.2650187889030624,1.600272536277771,0.35560184717178345,0.5984684390545892
961,1.2805802059950038,1.639885663986206,0.3480779528617859,0.5917034433943127
962,1.2907069958370812,1.6659245491027832,0.34213149547576904,0.5865811708560047
963,1.2788941193449825,1.6355701684951782,0.36829662322998047,0.6082963600582273
964,1.2852182576256035,1.651785969734192,0.32715344429016113,0.5761866610283606
965,1.2757466448770218,1.627529501914978,0.34357523918151855,0.5884234339590965
966,1.2947036306088568,1.6762574911117554,0.33066654205322266,0.5786699041037661
967,1.3279956530247057,1.7635724544525146,0.32711488008499146,0.574437179614277
968,1.2724671674738366,1.6191726922988892,0.3510020971298218,0.5944150584352966
969,1.3055509805035523,1.7044633626937866,0.34471261501312256,0.5896216804526657
970,1.3118147196375856,1.720857858657837,0.32917284965515137,0.5764111505342137
971,1.302773905415983,1.6972198486328125,0.34090089797973633,0.5858501745605689
972,1.2848194921746494,1.6507611274719238,0.35120946168899536,0.5933239588711825
973,1.2943279578678313,1.6752848625183105,0.35800546407699585,0.5996682352249764
974,1.2926854402337302,1.671035647392273,0.3532216548919678,0.5966358200720262
975,1.3260779818076853,1.758482813835144,0.3576083779335022,0.5988569150582739
976,1.2957782014033326,1.6790411472320557,0.35396867990493774,0.595484733452367
977,1.2817541386667886,1.642893671989441,0.3659466505050659,0.6060996100974152
978,1.295168845904365,1.6774623394012451,0.34697216749191284,0.5904044691652248
979,1.2690292069972129,1.610435128211975,0.36021947860717773,0.6021371895264223
980,1.279080624539345,1.6360472440719604,0.33767271041870117,0.584278148743258
981,1.2659062673482135,1.6025186777114868,0.3728516101837158,0.6112093649985715
982,1.3044707980617698,1.7016440629959106,0.3428807854652405,0.5880086962057103
983,1.287203610202025,1.6568931341171265,0.326954185962677,0.5765349953263283
984,1.2867143919268182,1.6556339263916016,0.3685529828071594,0.6078648341099757
985,1.2905607821765177,1.6655471324920654,0.34870386123657227,0.5912680342708488
986,1.294608928442543,1.6760122776031494,0.3620269298553467,0.6022392405547509
987,1.2825607944973705,1.644962191581726,0.3530732989311218,0.5954567295691532
988,1.32541892428757,1.7567353248596191,0.33873146772384644,0.5831089060580583
989,1.2870376404842931,1.6564658880233765,0.3381507396697998,0.5850947681562779
990,1.2850142751264468,1.6512616872787476,0.3494362235069275,0.5935351602767185
991,1.3083755083433901,1.7118464708328247,0.3497111201286316,0.5926273553695243
992,1.2684504206963352,1.6089664697647095,0.3590879440307617,0.6006488187761105
993,1.3139716934598265,1.726521611213684,0.34510618448257446,0.5889667917183821
994,1.2870035547683103,1.656378149986267,0.3559601306915283,0.5986465263616422
995,1.2689859480925305,1.6103253364562988,0.3505915403366089,0.5942308975648192
996,1.28418739229509,1.649137258529663,0.37088555097579956,0.6095887069546216
997,1.2914248004187927,1.6677780151367188,0.3363078832626343,0.5824906043099156
998,1.3107880826602152,1.718165397644043,0.3345491290092468,0.5800880332703303
999,1.3044418743338566,1.701568603515625,0.3421529531478882,0.5865728330434633
1000,1.2781921275822046,1.6337751150131226,0.3645055294036865,0.6053787278136458
